1,PENELOPE,GUINESS,Tue Feb 15 2022 11:34:33 GMT+0200 (Eastern European Standard Time)
2,NICK,WAHLBERG,Tue Feb 15 2022 11:34:33 GMT+0200 (Eastern European Standard Time)
4,JENNIFER,DAVIS,Tue Feb 15 2022 11:34:33 GMT+0200 (Eastern European Standard Time)
5,JOHNNY,LOLLOBRIGIDA,Tue Feb 15 2022 11:34:33 GMT+0200 (Eastern European Standard Time)
6,BETTE,NICHOLSON,Tue Feb 15 2022 11:34:33 GMT+0200 (Eastern European Standard Time)
7,GRACE,MOSTEL,Tue Feb 15 2022 11:34:33 GMT+0200 (Eastern European Standard Time)
8,MATTHEW,JOHANSSON,Tue Feb 15 2022 11:34:33 GMT+0200 (Eastern European Standard Time)
9,JOE,SWANK,Tue Feb 15 2022 11:34:33 GMT+0200 (Eastern European Standard Time)
10,CHRISTIAN,GABLE,Tue Feb 15 2022 11:34:33 GMT+0200 (Eastern European Standard Time)
11,ZERO,CAGE,Tue Feb 15 2022 11:34:33 GMT+0200 (Eastern European Standard Time)
12,KARL,BERRY,Tue Feb 15 2022 11:34:33 GMT+0200 (Eastern European Standard Time)
13,UMA,WOOD,Tue Feb 15 2022 11:34:33 GMT+0200 (Eastern European Standard Time)
14,VIVIEN,BERGEN,Tue Feb 15 2022 11:34:33 GMT+0200 (Eastern European Standard Time)
15,CUBA,OLIVIER,Tue Feb 15 2022 11:34:33 GMT+0200 (Eastern European Standard Time)
16,FRED,COSTNER,Tue Feb 15 2022 11:34:33 GMT+0200 (Eastern European Standard Time)
17,HELEN,VOIGHT,Tue Feb 15 2022 11:34:33 GMT+0200 (Eastern European Standard Time)
18,DAN,TORN,Tue Feb 15 2022 11:34:33 GMT+0200 (Eastern European Standard Time)
19,BOB,FAWCETT,Tue Feb 15 2022 11:34:33 GMT+0200 (Eastern European Standard Time)
20,LUCILLE,TRACY,Tue Feb 15 2022 11:34:33 GMT+0200 (Eastern European Standard Time)
21,KIRSTEN,PALTROW,Tue Feb 15 2022 11:34:33 GMT+0200 (Eastern European Standard Time)
22,ELVIS,MARX,Tue Feb 15 2022 11:34:33 GMT+0200 (Eastern European Standard Time)
23,SANDRA,KILMER,Tue Feb 15 2022 11:34:33 GMT+0200 (Eastern European Standard Time)
24,CAMERON,STREEP,Tue Feb 15 2022 11:34:33 GMT+0200 (Eastern European Standard Time)
25,KEVIN,BLOOM,Tue Feb 15 2022 11:34:33 GMT+0200 (Eastern European Standard Time)
26,RIP,CRAWFORD,Tue Feb 15 2022 11:34:33 GMT+0200 (Eastern European Standard Time)
27,JULIA,MCQUEEN,Tue Feb 15 2022 11:34:33 GMT+0200 (Eastern European Standard Time)
28,WOODY,HOFFMAN,Tue Feb 15 2022 11:34:33 GMT+0200 (Eastern European Standard Time)
29,ALEC,WAYNE,Tue Feb 15 2022 11:34:33 GMT+0200 (Eastern European Standard Time)
30,SANDRA,PECK,Tue Feb 15 2022 11:34:33 GMT+0200 (Eastern European Standard Time)
31,SISSY,SOBIESKI,Tue Feb 15 2022 11:34:33 GMT+0200 (Eastern European Standard Time)
32,TIM,HACKMAN,Tue Feb 15 2022 11:34:33 GMT+0200 (Eastern European Standard Time)
33,MILLA,PECK,Tue Feb 15 2022 11:34:33 GMT+0200 (Eastern European Standard Time)
34,AUDREY,OLIVIER,Tue Feb 15 2022 11:34:33 GMT+0200 (Eastern European Standard Time)
35,JUDY,DEAN,Tue Feb 15 2022 11:34:33 GMT+0200 (Eastern European Standard Time)
36,BURT,DUKAKIS,Tue Feb 15 2022 11:34:33 GMT+0200 (Eastern European Standard Time)
37,VAL,BOLGER,Tue Feb 15 2022 11:34:33 GMT+0200 (Eastern European Standard Time)
38,TOM,MCKELLEN,Tue Feb 15 2022 11:34:33 GMT+0200 (Eastern European Standard Time)
39,GOLDIE,BRODY,Tue Feb 15 2022 11:34:33 GMT+0200 (Eastern European Standard Time)
40,JOHNNY,CAGE,Tue Feb 15 2022 11:34:33 GMT+0200 (Eastern European Standard Time)
41,JODIE,DEGENERES,Tue Feb 15 2022 11:34:33 GMT+0200 (Eastern European Standard Time)
42,TOM,MIRANDA,Tue Feb 15 2022 11:34:33 GMT+0200 (Eastern European Standard Time)
43,KIRK,JOVOVICH,Tue Feb 15 2022 11:34:33 GMT+0200 (Eastern European Standard Time)
44,NICK,STALLONE,Tue Feb 15 2022 11:34:33 GMT+0200 (Eastern European Standard Time)
45,REESE,KILMER,Tue Feb 15 2022 11:34:33 GMT+0200 (Eastern European Standard Time)
46,PARKER,GOLDBERG,Tue Feb 15 2022 11:34:33 GMT+0200 (Eastern European Standard Time)
47,JULIA,BARRYMORE,Tue Feb 15 2022 11:34:33 GMT+0200 (Eastern European Standard Time)
48,FRANCES,DAY-LEWIS,Tue Feb 15 2022 11:34:33 GMT+0200 (Eastern European Standard Time)
49,ANNE,CRONYN,Tue Feb 15 2022 11:34:33 GMT+0200 (Eastern European Standard Time)
50,NATALIE,HOPKINS,Tue Feb 15 2022 11:34:33 GMT+0200 (Eastern European Standard Time)
51,GARY,PHOENIX,Tue Feb 15 2022 11:34:33 GMT+0200 (Eastern European Standard Time)
52,CARMEN,HUNT,Tue Feb 15 2022 11:34:33 GMT+0200 (Eastern European Standard Time)
53,MENA,TEMPLE,Tue Feb 15 2022 11:34:33 GMT+0200 (Eastern European Standard Time)
54,PENELOPE,PINKETT,Tue Feb 15 2022 11:34:33 GMT+0200 (Eastern European Standard Time)
55,FAY,KILMER,Tue Feb 15 2022 11:34:33 GMT+0200 (Eastern European Standard Time)
56,DAN,HARRIS,Tue Feb 15 2022 11:34:33 GMT+0200 (Eastern European Standard Time)
57,JUDE,CRUISE,Tue Feb 15 2022 11:34:33 GMT+0200 (Eastern European Standard Time)
58,CHRISTIAN,AKROYD,Tue Feb 15 2022 11:34:33 GMT+0200 (Eastern European Standard Time)
59,DUSTIN,TAUTOU,Tue Feb 15 2022 11:34:33 GMT+0200 (Eastern European Standard Time)
60,HENRY,BERRY,Tue Feb 15 2022 11:34:33 GMT+0200 (Eastern European Standard Time)
61,CHRISTIAN,NEESON,Tue Feb 15 2022 11:34:33 GMT+0200 (Eastern European Standard Time)
62,JAYNE,NEESON,Tue Feb 15 2022 11:34:33 GMT+0200 (Eastern European Standard Time)
63,CAMERON,WRAY,Tue Feb 15 2022 11:34:33 GMT+0200 (Eastern European Standard Time)
64,RAY,JOHANSSON,Tue Feb 15 2022 11:34:33 GMT+0200 (Eastern European Standard Time)
65,ANGELA,HUDSON,Tue Feb 15 2022 11:34:33 GMT+0200 (Eastern European Standard Time)
66,MARY,TANDY,Tue Feb 15 2022 11:34:33 GMT+0200 (Eastern European Standard Time)
67,JESSICA,BAILEY,Tue Feb 15 2022 11:34:33 GMT+0200 (Eastern European Standard Time)
68,RIP,WINSLET,Tue Feb 15 2022 11:34:33 GMT+0200 (Eastern European Standard Time)
69,KENNETH,PALTROW,Tue Feb 15 2022 11:34:33 GMT+0200 (Eastern European Standard Time)
70,MICHELLE,MCCONAUGHEY,Tue Feb 15 2022 11:34:33 GMT+0200 (Eastern European Standard Time)
71,ADAM,GRANT,Tue Feb 15 2022 11:34:33 GMT+0200 (Eastern European Standard Time)
72,SEAN,WILLIAMS,Tue Feb 15 2022 11:34:33 GMT+0200 (Eastern European Standard Time)
73,GARY,PENN,Tue Feb 15 2022 11:34:33 GMT+0200 (Eastern European Standard Time)
74,MILLA,KEITEL,Tue Feb 15 2022 11:34:33 GMT+0200 (Eastern European Standard Time)
75,BURT,POSEY,Tue Feb 15 2022 11:34:33 GMT+0200 (Eastern European Standard Time)
76,ANGELINA,ASTAIRE,Tue Feb 15 2022 11:34:33 GMT+0200 (Eastern European Standard Time)
77,CARY,MCCONAUGHEY,Tue Feb 15 2022 11:34:33 GMT+0200 (Eastern European Standard Time)
78,GROUCHO,SINATRA,Tue Feb 15 2022 11:34:33 GMT+0200 (Eastern European Standard Time)
79,MAE,HOFFMAN,Tue Feb 15 2022 11:34:33 GMT+0200 (Eastern European Standard Time)
80,RALPH,CRUZ,Tue Feb 15 2022 11:34:33 GMT+0200 (Eastern European Standard Time)
81,SCARLETT,DAMON,Tue Feb 15 2022 11:34:33 GMT+0200 (Eastern European Standard Time)
82,WOODY,JOLIE,Tue Feb 15 2022 11:34:33 GMT+0200 (Eastern European Standard Time)
83,BEN,WILLIS,Tue Feb 15 2022 11:34:33 GMT+0200 (Eastern European Standard Time)
84,JAMES,PITT,Tue Feb 15 2022 11:34:33 GMT+0200 (Eastern European Standard Time)
85,MINNIE,ZELLWEGER,Tue Feb 15 2022 11:34:33 GMT+0200 (Eastern European Standard Time)
86,GREG,CHAPLIN,Tue Feb 15 2022 11:34:33 GMT+0200 (Eastern European Standard Time)
87,SPENCER,PECK,Tue Feb 15 2022 11:34:33 GMT+0200 (Eastern European Standard Time)
88,KENNETH,PESCI,Tue Feb 15 2022 11:34:33 GMT+0200 (Eastern European Standard Time)
89,CHARLIZE,DENCH,Tue Feb 15 2022 11:34:33 GMT+0200 (Eastern European Standard Time)
90,SEAN,GUINESS,Tue Feb 15 2022 11:34:33 GMT+0200 (Eastern European Standard Time)
91,CHRISTOPHER,BERRY,Tue Feb 15 2022 11:34:33 GMT+0200 (Eastern European Standard Time)
92,KIRSTEN,AKROYD,Tue Feb 15 2022 11:34:33 GMT+0200 (Eastern European Standard Time)
93,ELLEN,PRESLEY,Tue Feb 15 2022 11:34:33 GMT+0200 (Eastern European Standard Time)
94,KENNETH,TORN,Tue Feb 15 2022 11:34:33 GMT+0200 (Eastern European Standard Time)
95,DARYL,WAHLBERG,Tue Feb 15 2022 11:34:33 GMT+0200 (Eastern European Standard Time)
96,GENE,WILLIS,Tue Feb 15 2022 11:34:33 GMT+0200 (Eastern European Standard Time)
97,MEG,HAWKE,Tue Feb 15 2022 11:34:33 GMT+0200 (Eastern European Standard Time)
98,CHRIS,BRIDGES,Tue Feb 15 2022 11:34:33 GMT+0200 (Eastern European Standard Time)
99,JIM,MOSTEL,Tue Feb 15 2022 11:34:33 GMT+0200 (Eastern European Standard Time)
100,SPENCER,DEPP,Tue Feb 15 2022 11:34:33 GMT+0200 (Eastern European Standard Time)
101,SUSAN,DAVIS,Tue Feb 15 2022 11:34:33 GMT+0200 (Eastern European Standard Time)
102,WALTER,TORN,Tue Feb 15 2022 11:34:33 GMT+0200 (Eastern European Standard Time)
103,MATTHEW,LEIGH,Tue Feb 15 2022 11:34:33 GMT+0200 (Eastern European Standard Time)
104,PENELOPE,CRONYN,Tue Feb 15 2022 11:34:33 GMT+0200 (Eastern European Standard Time)
105,SIDNEY,CROWE,Tue Feb 15 2022 11:34:33 GMT+0200 (Eastern European Standard Time)
106,GROUCHO,DUNST,Tue Feb 15 2022 11:34:33 GMT+0200 (Eastern European Standard Time)
107,GINA,DEGENERES,Tue Feb 15 2022 11:34:33 GMT+0200 (Eastern European Standard Time)
108,WARREN,NOLTE,Tue Feb 15 2022 11:34:33 GMT+0200 (Eastern European Standard Time)
109,SYLVESTER,DERN,Tue Feb 15 2022 11:34:33 GMT+0200 (Eastern European Standard Time)
110,SUSAN,DAVIS,Tue Feb 15 2022 11:34:33 GMT+0200 (Eastern European Standard Time)
111,CAMERON,ZELLWEGER,Tue Feb 15 2022 11:34:33 GMT+0200 (Eastern European Standard Time)
112,RUSSELL,BACALL,Tue Feb 15 2022 11:34:33 GMT+0200 (Eastern European Standard Time)
113,MORGAN,HOPKINS,Tue Feb 15 2022 11:34:33 GMT+0200 (Eastern European Standard Time)
114,MORGAN,MCDORMAND,Tue Feb 15 2022 11:34:33 GMT+0200 (Eastern European Standard Time)
115,HARRISON,BALE,Tue Feb 15 2022 11:34:33 GMT+0200 (Eastern European Standard Time)
116,DAN,STREEP,Tue Feb 15 2022 11:34:33 GMT+0200 (Eastern European Standard Time)
117,RENEE,TRACY,Tue Feb 15 2022 11:34:33 GMT+0200 (Eastern European Standard Time)
118,CUBA,ALLEN,Tue Feb 15 2022 11:34:33 GMT+0200 (Eastern European Standard Time)
119,WARREN,JACKMAN,Tue Feb 15 2022 11:34:33 GMT+0200 (Eastern European Standard Time)
120,PENELOPE,MONROE,Tue Feb 15 2022 11:34:33 GMT+0200 (Eastern European Standard Time)
121,LIZA,BERGMAN,Tue Feb 15 2022 11:34:33 GMT+0200 (Eastern European Standard Time)
122,SALMA,NOLTE,Tue Feb 15 2022 11:34:33 GMT+0200 (Eastern European Standard Time)
123,JULIANNE,DENCH,Tue Feb 15 2022 11:34:33 GMT+0200 (Eastern European Standard Time)
124,SCARLETT,BENING,Tue Feb 15 2022 11:34:33 GMT+0200 (Eastern European Standard Time)
125,ALBERT,NOLTE,Tue Feb 15 2022 11:34:33 GMT+0200 (Eastern European Standard Time)
126,FRANCES,TOMEI,Tue Feb 15 2022 11:34:33 GMT+0200 (Eastern European Standard Time)
127,KEVIN,GARLAND,Tue Feb 15 2022 11:34:33 GMT+0200 (Eastern European Standard Time)
128,CATE,MCQUEEN,Tue Feb 15 2022 11:34:33 GMT+0200 (Eastern European Standard Time)
129,DARYL,CRAWFORD,Tue Feb 15 2022 11:34:33 GMT+0200 (Eastern European Standard Time)
130,GRETA,KEITEL,Tue Feb 15 2022 11:34:33 GMT+0200 (Eastern European Standard Time)
131,JANE,JACKMAN,Tue Feb 15 2022 11:34:33 GMT+0200 (Eastern European Standard Time)
132,ADAM,HOPPER,Tue Feb 15 2022 11:34:33 GMT+0200 (Eastern European Standard Time)
133,RICHARD,PENN,Tue Feb 15 2022 11:34:33 GMT+0200 (Eastern European Standard Time)
134,GENE,HOPKINS,Tue Feb 15 2022 11:34:33 GMT+0200 (Eastern European Standard Time)
135,RITA,REYNOLDS,Tue Feb 15 2022 11:34:33 GMT+0200 (Eastern European Standard Time)
137,MORGAN,WILLIAMS,Tue Feb 15 2022 11:34:33 GMT+0200 (Eastern European Standard Time)
138,LUCILLE,DEE,Tue Feb 15 2022 11:34:33 GMT+0200 (Eastern European Standard Time)
139,EWAN,GOODING,Tue Feb 15 2022 11:34:33 GMT+0200 (Eastern European Standard Time)
140,WHOOPI,HURT,Tue Feb 15 2022 11:34:33 GMT+0200 (Eastern European Standard Time)
141,CATE,HARRIS,Tue Feb 15 2022 11:34:33 GMT+0200 (Eastern European Standard Time)
142,JADA,RYDER,Tue Feb 15 2022 11:34:33 GMT+0200 (Eastern European Standard Time)
143,RIVER,DEAN,Tue Feb 15 2022 11:34:33 GMT+0200 (Eastern European Standard Time)
144,ANGELA,WITHERSPOON,Tue Feb 15 2022 11:34:33 GMT+0200 (Eastern European Standard Time)
145,KIM,ALLEN,Tue Feb 15 2022 11:34:33 GMT+0200 (Eastern European Standard Time)
146,ALBERT,JOHANSSON,Tue Feb 15 2022 11:34:33 GMT+0200 (Eastern European Standard Time)
147,FAY,WINSLET,Tue Feb 15 2022 11:34:33 GMT+0200 (Eastern European Standard Time)
148,EMILY,DEE,Tue Feb 15 2022 11:34:33 GMT+0200 (Eastern European Standard Time)
149,RUSSELL,TEMPLE,Tue Feb 15 2022 11:34:33 GMT+0200 (Eastern European Standard Time)
150,JAYNE,NOLTE,Tue Feb 15 2022 11:34:33 GMT+0200 (Eastern European Standard Time)
151,GEOFFREY,HESTON,Tue Feb 15 2022 11:34:33 GMT+0200 (Eastern European Standard Time)
152,BEN,HARRIS,Tue Feb 15 2022 11:34:33 GMT+0200 (Eastern European Standard Time)
153,MINNIE,KILMER,Tue Feb 15 2022 11:34:33 GMT+0200 (Eastern European Standard Time)
154,MERYL,GIBSON,Tue Feb 15 2022 11:34:33 GMT+0200 (Eastern European Standard Time)
155,IAN,TANDY,Tue Feb 15 2022 11:34:33 GMT+0200 (Eastern European Standard Time)
156,FAY,WOOD,Tue Feb 15 2022 11:34:33 GMT+0200 (Eastern European Standard Time)
157,GRETA,MALDEN,Tue Feb 15 2022 11:34:33 GMT+0200 (Eastern European Standard Time)
158,VIVIEN,BASINGER,Tue Feb 15 2022 11:34:33 GMT+0200 (Eastern European Standard Time)
159,LAURA,BRODY,Tue Feb 15 2022 11:34:33 GMT+0200 (Eastern European Standard Time)
160,CHRIS,DEPP,Tue Feb 15 2022 11:34:33 GMT+0200 (Eastern European Standard Time)
161,HARVEY,HOPE,Tue Feb 15 2022 11:34:33 GMT+0200 (Eastern European Standard Time)
162,OPRAH,KILMER,Tue Feb 15 2022 11:34:33 GMT+0200 (Eastern European Standard Time)
163,CHRISTOPHER,WEST,Tue Feb 15 2022 11:34:33 GMT+0200 (Eastern European Standard Time)
164,HUMPHREY,WILLIS,Tue Feb 15 2022 11:34:33 GMT+0200 (Eastern European Standard Time)
165,AL,GARLAND,Tue Feb 15 2022 11:34:33 GMT+0200 (Eastern European Standard Time)
166,NICK,DEGENERES,Tue Feb 15 2022 11:34:33 GMT+0200 (Eastern European Standard Time)
167,LAURENCE,BULLOCK,Tue Feb 15 2022 11:34:33 GMT+0200 (Eastern European Standard Time)
168,WILL,WILSON,Tue Feb 15 2022 11:34:33 GMT+0200 (Eastern European Standard Time)
169,KENNETH,HOFFMAN,Tue Feb 15 2022 11:34:33 GMT+0200 (Eastern European Standard Time)
170,MENA,HOPPER,Tue Feb 15 2022 11:34:33 GMT+0200 (Eastern European Standard Time)
171,OLYMPIA,PFEIFFER,Tue Feb 15 2022 11:34:33 GMT+0200 (Eastern European Standard Time)
172,GROUCHO,WILLIAMS,Tue Feb 15 2022 11:34:33 GMT+0200 (Eastern European Standard Time)
173,ALAN,DREYFUSS,Tue Feb 15 2022 11:34:33 GMT+0200 (Eastern European Standard Time)
174,MICHAEL,BENING,Tue Feb 15 2022 11:34:33 GMT+0200 (Eastern European Standard Time)
175,WILLIAM,HACKMAN,Tue Feb 15 2022 11:34:33 GMT+0200 (Eastern European Standard Time)
176,JON,CHASE,Tue Feb 15 2022 11:34:33 GMT+0200 (Eastern European Standard Time)
177,GENE,MCKELLEN,Tue Feb 15 2022 11:34:33 GMT+0200 (Eastern European Standard Time)
178,LISA,MONROE,Tue Feb 15 2022 11:34:33 GMT+0200 (Eastern European Standard Time)
180,JEFF,SILVERSTONE,Tue Feb 15 2022 11:34:33 GMT+0200 (Eastern European Standard Time)
181,MATTHEW,CARREY,Tue Feb 15 2022 11:34:33 GMT+0200 (Eastern European Standard Time)
182,DEBBIE,AKROYD,Tue Feb 15 2022 11:34:33 GMT+0200 (Eastern European Standard Time)
183,RUSSELL,CLOSE,Tue Feb 15 2022 11:34:33 GMT+0200 (Eastern European Standard Time)
184,HUMPHREY,GARLAND,Tue Feb 15 2022 11:34:33 GMT+0200 (Eastern European Standard Time)
185,MICHAEL,BOLGER,Tue Feb 15 2022 11:34:33 GMT+0200 (Eastern European Standard Time)
186,JULIA,ZELLWEGER,Tue Feb 15 2022 11:34:33 GMT+0200 (Eastern European Standard Time)
187,RENEE,BALL,Tue Feb 15 2022 11:34:33 GMT+0200 (Eastern European Standard Time)
188,ROCK,DUKAKIS,Tue Feb 15 2022 11:34:33 GMT+0200 (Eastern European Standard Time)
189,CUBA,BIRCH,Tue Feb 15 2022 11:34:33 GMT+0200 (Eastern European Standard Time)
190,AUDREY,BAILEY,Tue Feb 15 2022 11:34:33 GMT+0200 (Eastern European Standard Time)
191,GREGORY,GOODING,Tue Feb 15 2022 11:34:33 GMT+0200 (Eastern European Standard Time)
192,JOHN,SUVARI,Tue Feb 15 2022 11:34:33 GMT+0200 (Eastern European Standard Time)
193,BURT,TEMPLE,Tue Feb 15 2022 11:34:33 GMT+0200 (Eastern European Standard Time)
194,MERYL,ALLEN,Tue Feb 15 2022 11:34:33 GMT+0200 (Eastern European Standard Time)
195,JAYNE,SILVERSTONE,Tue Feb 15 2022 11:34:33 GMT+0200 (Eastern European Standard Time)
196,BELA,WALKEN,Tue Feb 15 2022 11:34:33 GMT+0200 (Eastern European Standard Time)
197,REESE,WEST,Tue Feb 15 2022 11:34:33 GMT+0200 (Eastern European Standard Time)
198,MARY,KEITEL,Tue Feb 15 2022 11:34:33 GMT+0200 (Eastern European Standard Time)
199,JULIA,FAWCETT,Tue Feb 15 2022 11:34:33 GMT+0200 (Eastern European Standard Time)
200,THORA,TEMPLE,Tue Feb 15 2022 11:34:33 GMT+0200 (Eastern European Standard Time)
3,ED,Hype,Fri Sep 16 2022 11:08:38 GMT+0300 (Eastern European Summer Time)
136,ED,Hype,Fri Sep 16 2022 11:08:38 GMT+0300 (Eastern European Summer Time)
179,ED,Hype,Fri Sep 16 2022 11:08:38 GMT+0300 (Eastern European Summer Time)
202,John,Dear,Sun Sep 18 2022 20:55:03 GMT+0300 (Eastern European Summer Time)
201,James,Deer,Sun Sep 18 2022 20:58:28 GMT+0300 (Eastern European Summer Time)
203,John,Dear,Mon Sep 19 2022 20:14:14 GMT+0300 (Eastern European Summer Time)
204,John,Dear,Mon Sep 19 2022 20:19:46 GMT+0300 (Eastern European Summer Time)
205,John,Dear,Mon Sep 19 2022 20:22:17 GMT+0300 (Eastern European Summer Time)
206,John,Dear,Mon Sep 19 2022 20:22:55 GMT+0300 (Eastern European Summer Time)
207,John,Dear,Mon Sep 19 2022 20:24:11 GMT+0300 (Eastern European Summer Time)
208,Monkey,D Luffy,Tue Sep 20 2022 21:15:19 GMT+0300 (Eastern European Summer Time)